,pred_0,pred_1,pred_2,pred_3,model
true_0,0,0,0,2795,majority
true_1,0,0,0,2224,majority
true_2,0,0,0,1262,majority
true_3,0,0,0,6018,majority
true_0,150,1135,750,760,news2
true_1,113,703,559,849,news2
true_2,15,271,335,641,news2
true_3,26,716,1793,3483,news2
true_0,1334,389,543,529,logreg
true_1,884,223,549,568,logreg
true_2,320,275,234,433,logreg
true_3,638,415,876,4089,logreg
true_0,1386,550,311,548,rf
true_1,897,396,333,598,rf
true_2,383,239,159,481,rf
true_3,726,500,569,4223,rf
true_0,1415,532,412,436,gb
true_1,906,398,454,466,gb
true_2,359,300,225,378,gb
true_3,767,524,855,3872,gb
