task,model,n_windows,n_folds,prevalence,best_params,f1_macro_mean,f1_macro_std,auroc_mean,auroc_std,pr_auc_mean,pr_auc_std
severity,majority,12299,5,,"[{}, {}, {}, {}, {}]",0.16407791391207874,0.004703257883616955,,,,
severity,news2,12299,5,,"[{}, {}, {}, {}, {}]",0.2780289658180951,0.028855293470182418,,,,
severity,logreg,12299,5,,"[{""clf__C"": 0.01}, {""clf__C"": 0.01}, {""clf__C"": 0.1}, {""clf__C"": 1.0}, {""clf__C"": 10.0}]",0.3522574941051934,0.03442846109068618,,,,
severity,rf,12299,5,,"[{""clf__max_depth"": 8, ""clf__min_samples_split"": 10, ""clf__n_estimators"": 200}, {""clf__max_depth"": null, ""clf__min_samples_split"": 10, ""clf__n_estimators"": 300}, {""clf__max_depth"": null, ""clf__min_samples_split"": 10, ""clf__n_estimators"": 300}, {""clf__max_depth"": null, ""clf__min_samples_split"": 5, ""clf__n_estimators"": 100}, {""clf__max_depth"": null, ""clf__min_samples_split"": 5, ""clf__n_estimators"": 100}]",0.3680712774355047,0.03648567944722961,,,,
severity,gb,12299,5,,"[{""clf__learning_rate"": 0.1, ""clf__max_depth"": 2, ""clf__n_estimators"": 100}, {""clf__learning_rate"": 0.1, ""clf__max_depth"": 2, ""clf__n_estimators"": 200}, {""clf__learning_rate"": 0.05, ""clf__max_depth"": 3, ""clf__n_estimators"": 200}, {""clf__learning_rate"": 0.1, ""clf__max_depth"": 2, ""clf__n_estimators"": 200}, {""clf__learning_rate"": 0.1, ""clf__max_depth"": 3, ""clf__n_estimators"": 200}]",0.36831454167998734,0.03876198167372637,,,,
trend,majority,6403,5,0.027799468998906764,"[{}, {}, {}, {}, {}]",,,0.5,0.0,0.027798628585969896,0.010431970809224561
trend,news2,6403,5,0.027799468998906764,"[{}, {}, {}, {}, {}]",,,0.6218427287912183,0.13831716280451967,0.060768928237261946,0.04109375432302905
trend,logreg,6403,5,0.027799468998906764,"[{""clf__C"": 0.01}, {""clf__C"": 0.1}, {""clf__C"": 0.01}, {""clf__C"": 0.01}, {""clf__C"": 0.01}]",,,0.7499838904673695,0.07593003683311154,0.15823753347268257,0.0529016379215031
trend,rf,6403,5,0.027799468998906764,"[{""clf__max_depth"": null, ""clf__min_samples_split"": 10, ""clf__n_estimators"": 100}, {""clf__max_depth"": null, ""clf__min_samples_split"": 2, ""clf__n_estimators"": 100}, {""clf__max_depth"": null, ""clf__min_samples_split"": 10, ""clf__n_estimators"": 300}, {""clf__max_depth"": null, ""clf__min_samples_split"": 5, ""clf__n_estimators"": 100}, {""clf__max_depth"": null, ""clf__min_samples_split"": 2, ""clf__n_estimators"": 300}]",,,0.7124451755797219,0.06407341656450241,0.11200720657729599,0.07677972839861631
trend,gb,6403,5,0.027799468998906764,"[{""clf__learning_rate"": 0.05, ""clf__max_depth"": 2, ""clf__n_estimators"": 100}, {""clf__learning_rate"": 0.05, ""clf__max_depth"": 2, ""clf__n_estimators"": 100}, {""clf__learning_rate"": 0.05, ""clf__max_depth"": 2, ""clf__n_estimators"": 100}, {""clf__learning_rate"": 0.1, ""clf__max_depth"": 2, ""clf__n_estimators"": 100}, {""clf__learning_rate"": 0.05, ""clf__max_depth"": 3, ""clf__n_estimators"": 100}]",,,0.6935922941868161,0.06895944028394049,0.093774578320899,0.04600982570901252
