policy,seed,demand,amb_depart_s,amb_completed,amb_transit_s,amb_wait_s,mean_general_wait_s,throughput_veh,max_cross_queue_veh,episode_s
fixed_time,42,low,510,True,955.0,60,1.1716682017964868,1086,18.0,1470
fixed_time,43,low,461,True,918.0,94,1.1790439181935735,969,16.0,1380
fixed_time,44,low,249,True,854.0,48,1.165112485128471,752,18.0,1105
fixed_time,45,low,429,True,949.0,93,1.1664386891003928,1009,12.0,1380
fixed_time,46,low,563,True,993.0,13,1.0988452820429857,1192,14.0,1560
fixed_time,47,low,497,True,905.0,28,1.0971835142059037,1003,13.0,1405
fixed_time,48,low,355,True,931.0,84,1.132334025369491,866,19.0,1290
fixed_time,49,low,345,True,1032.0,81,1.0943137560646914,999,17.0,1380
fixed_time,50,low,515,True,970.0,13,1.145572181649234,1154,15.0,1490
fixed_time,51,low,577,True,972.0,104,1.153000671924018,1197,18.0,1550
fixed_time,52,low,446,True,1024.0,25,1.1246364879809496,1155,15.0,1475
fixed_time,53,low,204,True,893.0,43,1.191118862003783,688,14.0,1100
fixed_time,54,low,289,True,988.0,104,1.056441090465163,865,18.0,1280
fixed_time,55,low,533,True,926.0,25,1.114201978422985,1119,16.0,1460
fixed_time,56,low,491,True,892.0,33,1.1296063517930217,1059,16.0,1385
fixed_time,57,low,474,True,895.0,99,1.1349632219796242,965,15.0,1370
fixed_time,58,low,323,True,876.0,45,1.0589201081287363,810,15.0,1200
fixed_time,59,low,435,True,942.0,81,1.086776873586157,1040,15.0,1380
fixed_time,60,low,330,True,1076.0,29,1.1068980261899068,1050,14.0,1410
fixed_time,61,low,350,True,942.0,50,1.1643876633940928,880,13.0,1295
always_green,42,low,510,True,863.0,0,1.0157313124979097,972,17.0,1375
always_green,43,low,461,True,881.0,0,1.0321983189238464,937,14.0,1345
always_green,44,low,249,True,799.0,0,1.095658639673346,700,16.0,1050
always_green,45,low,429,True,806.0,0,1.053556301586408,868,15.0,1240
always_green,46,low,563,True,864.0,0,1.048257431429377,1005,16.0,1430
always_green,47,low,497,True,822.0,0,1.0126719200149543,922,15.0,1320
always_green,48,low,355,True,857.0,0,1.0068390507705087,809,18.0,1215
always_green,49,low,345,True,877.0,0,1.013425206842785,816,17.0,1225
always_green,50,low,515,True,845.0,0,1.043204209247642,1033,16.0,1365
always_green,51,low,577,True,838.0,0,1.0677632584956538,1031,18.0,1420
always_green,52,low,446,True,867.0,0,1.0623451171750733,984,21.0,1315
always_green,53,low,204,True,818.0,0,1.0210026632166347,618,13.0,1025
always_green,54,low,289,True,810.0,0,0.9861747848146569,684,16.0,1100
always_green,55,low,533,True,815.0,0,1.0093840381978603,983,16.0,1350
always_green,56,low,491,True,823.0,2,1.022324770862542,964,14.0,1315
always_green,57,low,474,True,848.0,0,1.0078907399975774,911,17.0,1325
always_green,58,low,323,True,814.0,0,0.9077510312207042,738,13.0,1140
always_green,59,low,435,True,902.0,0,1.0063474141555733,974,17.0,1340
always_green,60,low,330,True,851.0,0,1.0686308205229402,781,13.0,1185
always_green,61,low,350,True,865.0,0,1.0381533528340563,797,15.0,1220
fixed_time,42,medium,510,True,986.0,46,1.1667648640874502,1624,22.0,1500
fixed_time,43,medium,461,True,1006.0,39,1.0943916704100782,1556,18.0,1470
fixed_time,44,medium,249,True,945.0,122,1.1603717364677433,1227,21.0,1195
fixed_time,45,medium,429,True,1136.0,68,1.1531068724701377,1759,22.0,1570
fixed_time,46,medium,563,True,927.0,6,1.0826360462056084,1617,18.0,1495
fixed_time,47,medium,497,True,909.0,33,1.1479528403533334,1468,21.0,1410
fixed_time,48,medium,355,True,960.0,13,1.2295001087157087,1321,19.0,1320
fixed_time,49,medium,345,True,964.0,36,1.208472390057816,1339,22.0,1310
fixed_time,50,medium,515,True,1055.0,41,1.1544692833223391,1805,19.0,1575
fixed_time,51,medium,577,True,901.0,50,1.0924045891492329,1623,19.0,1480
fixed_time,52,medium,446,True,945.0,19,1.1349918146897626,1485,19.0,1395
fixed_time,53,medium,204,True,910.0,0,1.2073247050577252,1036,19.0,1115
fixed_time,54,medium,289,True,907.0,29,1.1672181194782367,1193,21.0,1200
fixed_time,55,medium,533,True,1014.0,50,1.1548041960186939,1740,19.0,1550
fixed_time,56,medium,491,True,899.0,37,1.1247552975896173,1542,24.0,1395
fixed_time,57,medium,474,True,911.0,25,1.2106736253845367,1414,18.0,1390
fixed_time,58,medium,323,True,900.0,30,1.178872898815185,1194,17.0,1225
fixed_time,59,medium,435,True,951.0,17,1.1412013919122483,1440,19.0,1390
fixed_time,60,medium,330,True,1064.0,42,1.1608754968377888,1557,23.0,1395
fixed_time,61,medium,350,True,958.0,6,1.2345818981984376,1354,22.0,1310
always_green,42,medium,510,True,945.0,0,1.0484089382461341,1563,20.0,1460
always_green,43,medium,461,True,883.0,0,1.0304532793131083,1345,27.0,1345
always_green,44,medium,249,True,810.0,0,1.0564427271250663,1052,19.0,1060
always_green,45,medium,429,True,886.0,0,1.1076908679012745,1360,22.0,1320
always_green,46,medium,563,True,889.0,0,1.0327479557792951,1556,22.0,1455
always_green,47,medium,497,True,858.0,0,1.0774849514429992,1396,24.0,1360
always_green,48,medium,355,True,871.0,0,1.1431327405570566,1190,19.0,1230
always_green,49,medium,345,True,906.0,0,1.134356742858438,1212,20.0,1255
always_green,50,medium,515,True,862.0,0,1.0914880337561095,1490,18.0,1380
always_green,51,medium,577,True,858.0,0,1.0550525542676263,1544,20.0,1440
always_green,52,medium,446,True,909.0,0,1.0611176699847278,1434,25.0,1360
always_green,53,medium,204,True,841.0,0,1.1087976508867414,942,17.0,1050
always_green,54,medium,289,True,782.0,0,1.140437397722061,1033,19.0,1075
always_green,55,medium,533,True,932.0,0,1.0729679873400793,1631,17.0,1470
always_green,56,medium,491,True,853.0,3,1.0569144392831924,1455,23.0,1345
always_green,57,medium,474,True,859.0,0,1.1139102449181022,1333,18.0,1335
always_green,58,medium,323,True,829.0,0,1.069584038596699,1089,23.0,1155
always_green,59,medium,435,True,864.0,0,1.1158502965951458,1290,26.0,1300
always_green,60,medium,330,True,930.0,0,1.1338344422922757,1304,20.0,1265
always_green,61,medium,350,True,854.0,0,1.260977338736721,1215,25.0,1205
fixed_time,42,peak,510,True,1048.0,69,1.17391266645115,2237,23.0,1560
fixed_time,43,peak,461,True,1108.0,33,1.2298680179255068,2305,25.0,1570
fixed_time,44,peak,249,True,1052.0,62,1.301018939703276,1788,31.0,1305
fixed_time,45,peak,429,True,965.0,69,1.2128378822317207,1941,22.0,1395
fixed_time,46,peak,563,True,988.0,56,1.201732471330906,2286,28.0,1555
fixed_time,47,peak,497,True,974.0,78,1.1796947833162674,2136,25.0,1475
fixed_time,48,peak,355,True,941.0,44,1.1698843927798708,1734,23.0,1300
fixed_time,49,peak,345,True,968.0,32,1.221265201053441,1792,25.0,1315
fixed_time,50,peak,515,True,959.0,77,1.2376144347621028,2137,29.0,1475
fixed_time,51,peak,577,True,987.0,63,1.1779522279687988,2337,26.0,1565
fixed_time,52,peak,446,True,1041.0,14,1.1802834955139918,2141,27.0,1490
fixed_time,53,peak,204,True,997.0,75,1.2297872149528877,1530,23.0,1205
fixed_time,54,peak,289,True,998.0,56,1.2445058280213317,1690,28.0,1290
fixed_time,55,peak,533,True,1044.0,29,1.2357700918119687,2372,30.0,1580
fixed_time,56,peak,491,True,1001.0,103,1.20327597163918,2222,24.0,1495
fixed_time,57,peak,474,True,912.0,55,1.2217691000645738,1943,26.0,1390
fixed_time,58,peak,323,True,1147.0,93,1.2053633897736538,2098,25.0,1475
fixed_time,59,peak,435,True,1138.0,63,1.1750395525330621,2290,28.0,1575
fixed_time,60,peak,330,True,1063.0,82,1.2357259837618917,1998,27.0,1395
fixed_time,61,peak,350,True,1025.0,73,1.2173780023012089,1930,27.0,1380
always_green,42,peak,510,True,942.0,0,1.1922686295005405,2016,33.0,1455
always_green,43,peak,461,True,1040.0,0,1.2355327471323252,2160,45.0,1505
always_green,44,peak,249,True,995.0,0,1.2135150511619166,1662,28.0,1245
always_green,45,peak,429,True,982.0,0,1.1275471108510724,1972,23.0,1415
always_green,46,peak,563,True,937.0,0,1.1455749784159945,2161,27.0,1505
always_green,47,peak,497,True,934.0,0,1.1135713366086435,2028,28.0,1435
always_green,48,peak,355,True,929.0,0,1.1462388908850514,1679,33.0,1285
always_green,49,peak,345,True,907.0,0,1.174135377260133,1649,31.0,1255
always_green,50,peak,515,True,883.0,0,1.1389813517379106,1952,27.0,1400
always_green,51,peak,577,True,866.0,0,1.182261973601971,2062,34.0,1445
always_green,52,peak,446,True,962.0,0,1.0922888483559365,1948,27.0,1410
always_green,53,peak,204,True,814.0,0,1.2225589481524557,1215,35.0,1020
always_green,54,peak,289,True,958.0,0,1.1785476717147976,1606,27.0,1250
always_green,55,peak,533,True,901.0,0,1.164342353913633,2057,33.0,1435
always_green,56,peak,491,True,974.0,3,1.2090193278150878,2153,49.0,1470
always_green,57,peak,474,True,894.0,0,1.237630555461174,1843,39.0,1370
always_green,58,peak,323,True,946.0,0,1.2039751054067604,1657,29.0,1270
always_green,59,peak,435,True,951.0,0,1.1296296904239291,1914,27.0,1390
always_green,60,peak,330,True,941.0,0,1.1816175195790692,1717,33.0,1275
always_green,61,peak,350,True,877.0,0,1.1812347419610072,1586,24.0,1230
