date,git_commit,component,model,params_json,cv_mean,cv_std,test_score,data_version,seed,notes
2026-09-30,48900aa,vitals,majority,"[{}, {}, {}, {}, {}]",0.1641,0.0047,,mimic-iv-demo-2.2,42,task=severity metric=f1_macro nested grouped CV 5x3 folds_used=5 n=12299
2026-09-30,48900aa,vitals,news2,"[{}, {}, {}, {}, {}]",0.2780,0.0289,,mimic-iv-demo-2.2,42,task=severity metric=f1_macro nested grouped CV 5x3 folds_used=5 n=12299
2026-09-30,48900aa,vitals,logreg,"[{""clf__C"": 0.01}, {""clf__C"": 0.01}, {""clf__C"": 0.1}, {""clf__C"": 1.0}, {""clf__C"": 10.0}]",0.3523,0.0344,,mimic-iv-demo-2.2,42,task=severity metric=f1_macro nested grouped CV 5x3 folds_used=5 n=12299
2026-09-30,48900aa,vitals,rf,"[{""clf__max_depth"": 8, ""clf__min_samples_split"": 10, ""clf__n_estimators"": 200}, {""clf__max_depth"": null, ""clf__min_samples_split"": 10, ""clf__n_estimators"": 300}, {""clf__max_depth"": null, ""clf__min_samples_split"": 10, ""clf__n_estimators"": 300}, {""clf__max_depth"": null, ""clf__min_samples_split"": 5, ""clf__n_estimators"": 100}, {""clf__max_depth"": null, ""clf__min_samples_split"": 5, ""clf__n_estimators"": 100}]",0.3681,0.0365,,mimic-iv-demo-2.2,42,task=severity metric=f1_macro nested grouped CV 5x3 folds_used=5 n=12299
2026-09-30,48900aa,vitals,gb,"[{""clf__learning_rate"": 0.1, ""clf__max_depth"": 2, ""clf__n_estimators"": 100}, {""clf__learning_rate"": 0.1, ""clf__max_depth"": 2, ""clf__n_estimators"": 200}, {""clf__learning_rate"": 0.05, ""clf__max_depth"": 3, ""clf__n_estimators"": 200}, {""clf__learning_rate"": 0.1, ""clf__max_depth"": 2, ""clf__n_estimators"": 200}, {""clf__learning_rate"": 0.1, ""clf__max_depth"": 3, ""clf__n_estimators"": 200}]",0.3683,0.0388,,mimic-iv-demo-2.2,42,task=severity metric=f1_macro nested grouped CV 5x3 folds_used=5 n=12299
2026-09-30,48900aa,vitals,majority,"[{}, {}, {}, {}, {}]",0.0278,0.0104,,mimic-iv-demo-2.2,42,task=trend metric=pr_auc nested grouped CV 5x3 folds_used=5 n=6403 auroc=0.5000+/-0.0000
2026-09-30,48900aa,vitals,news2,"[{}, {}, {}, {}, {}]",0.0608,0.0411,,mimic-iv-demo-2.2,42,task=trend metric=pr_auc nested grouped CV 5x3 folds_used=5 n=6403 auroc=0.6218+/-0.1383
2026-09-30,48900aa,vitals,logreg,"[{""clf__C"": 0.01}, {""clf__C"": 0.1}, {""clf__C"": 0.01}, {""clf__C"": 0.01}, {""clf__C"": 0.01}]",0.1582,0.0529,,mimic-iv-demo-2.2,42,task=trend metric=pr_auc nested grouped CV 5x3 folds_used=5 n=6403 auroc=0.7500+/-0.0759
2026-09-30,48900aa,vitals,rf,"[{""clf__max_depth"": null, ""clf__min_samples_split"": 10, ""clf__n_estimators"": 100}, {""clf__max_depth"": null, ""clf__min_samples_split"": 2, ""clf__n_estimators"": 100}, {""clf__max_depth"": null, ""clf__min_samples_split"": 10, ""clf__n_estimators"": 300}, {""clf__max_depth"": null, ""clf__min_samples_split"": 5, ""clf__n_estimators"": 100}, {""clf__max_depth"": null, ""clf__min_samples_split"": 2, ""clf__n_estimators"": 300}]",0.1120,0.0768,,mimic-iv-demo-2.2,42,task=trend metric=pr_auc nested grouped CV 5x3 folds_used=5 n=6403 auroc=0.7124+/-0.0641
2026-09-30,48900aa,vitals,gb,"[{""clf__learning_rate"": 0.05, ""clf__max_depth"": 2, ""clf__n_estimators"": 100}, {""clf__learning_rate"": 0.05, ""clf__max_depth"": 2, ""clf__n_estimators"": 100}, {""clf__learning_rate"": 0.05, ""clf__max_depth"": 2, ""clf__n_estimators"": 100}, {""clf__learning_rate"": 0.1, ""clf__max_depth"": 2, ""clf__n_estimators"": 100}, {""clf__learning_rate"": 0.05, ""clf__max_depth"": 3, ""clf__n_estimators"": 100}]",0.0938,0.0460,,mimic-iv-demo-2.2,42,task=trend metric=pr_auc nested grouped CV 5x3 folds_used=5 n=6403 auroc=0.6936+/-0.0690
2026-09-30,e16da53,vitals,bigru,"[{""lambda"": 1.0, ""epochs"": 5, ""inner"": {""0.25"": [0.4260722203622644, 4], ""0.5"": [0.42726642670308773, 5], ""1.0"": [0.42856708395855164, 5]}}, {""lambda"": 1.0, ""epochs"": 4, ""inner"": {""0.25"": [0.43004726706534263, 4], ""0.5"": [0.43126297000283315, 4], ""1.0"": [0.4318637759926455, 4]}}, {""lambda"": 1.0, ""epochs"": 5, ""inner"": {""0.25"": [0.3940596348946892, 5], ""0.5"": [0.3947024786957603, 5], ""1.0"": [0.39768278081130076, 5]}}, {""lambda"": 1.0, ""epochs"": 6, ""inner"": {""0.25"": [0.39649272365232485, 17], ""0.5"": [0.3962575746119681, 9], ""1.0"": [0.40177124914375795, 6]}}, {""lambda"": 0.25, ""epochs"": 3, ""inner"": {""0.25"": [0.37749207108342925, 3], ""0.5"": [0.3773129719373994, 4], ""1.0"": [0.3756906561519637, 11]}}]",0.3855,0.0368,,mimic-iv-demo-2.2,42,task=severity metric=f1_macro nested grouped CV 5x3 folds_used=5 n=12299
2026-09-30,e16da53,vitals,bigru,"[{""lambda"": 1.0, ""epochs"": 5, ""inner"": {""0.25"": [0.4260722203622644, 4], ""0.5"": [0.42726642670308773, 5], ""1.0"": [0.42856708395855164, 5]}}, {""lambda"": 1.0, ""epochs"": 4, ""inner"": {""0.25"": [0.43004726706534263, 4], ""0.5"": [0.43126297000283315, 4], ""1.0"": [0.4318637759926455, 4]}}, {""lambda"": 1.0, ""epochs"": 5, ""inner"": {""0.25"": [0.3940596348946892, 5], ""0.5"": [0.3947024786957603, 5], ""1.0"": [0.39768278081130076, 5]}}, {""lambda"": 1.0, ""epochs"": 6, ""inner"": {""0.25"": [0.39649272365232485, 17], ""0.5"": [0.3962575746119681, 9], ""1.0"": [0.40177124914375795, 6]}}, {""lambda"": 0.25, ""epochs"": 3, ""inner"": {""0.25"": [0.37749207108342925, 3], ""0.5"": [0.3773129719373994, 4], ""1.0"": [0.3756906561519637, 11]}}]",0.1617,0.0739,,mimic-iv-demo-2.2,42,task=trend metric=pr_auc nested grouped CV 5x3 folds_used=5 n=6403 auroc=0.7079+/-0.1047
2026-09-30,a7c9b25,traffic_rl,fixed_time,"{""demand"": ""low""}",946.6,56.4,,sumo-corridor-v1,42,task=ambulance_transit_s demand=low episodes=20 completed=20 gen_wait_s=1.13 throughput=993 max_cross_q=15.6 SUMO simulation
2026-09-30,a7c9b25,traffic_rl,always_green,"{""demand"": ""low""}",843.2,28.8,,sumo-corridor-v1,42,task=ambulance_transit_s demand=low episodes=20 completed=20 gen_wait_s=1.03 throughput=876 max_cross_q=15.8 SUMO simulation
2026-09-30,a7c9b25,traffic_rl,fixed_time,"{""demand"": ""medium""}",962.4,64.5,,sumo-corridor-v1,42,task=ambulance_transit_s demand=medium episodes=20 completed=20 gen_wait_s=1.16 throughput=1465 max_cross_q=20.1 SUMO simulation
2026-09-30,a7c9b25,traffic_rl,always_green,"{""demand"": ""medium""}",871.0,40.8,,sumo-corridor-v1,42,task=ambulance_transit_s demand=medium episodes=20 completed=20 gen_wait_s=1.10 throughput=1322 max_cross_q=21.2 SUMO simulation
2026-09-30,a7c9b25,traffic_rl,fixed_time,"{""demand"": ""peak""}",1017.8,63.0,,sumo-corridor-v1,42,task=ambulance_transit_s demand=peak episodes=20 completed=20 gen_wait_s=1.21 throughput=2045 max_cross_q=26.1 SUMO simulation
2026-09-30,a7c9b25,traffic_rl,always_green,"{""demand"": ""peak""}",931.6,50.8,,sumo-corridor-v1,42,task=ambulance_transit_s demand=peak episodes=20 completed=20 gen_wait_s=1.17 throughput=1852 max_cross_q=31.6 SUMO simulation
